MSE,MAE,RMSE,MAPE_percentage,r2_score
23.92446578469712,4.285436554128468,4.8912642317397985,2.297579536124007,-0.22369331269342552
