MSE,MAE,RMSE,MAPE_percentage
3.370522733,1.500922956,1.835898345,0.827930565
