MSE,MAE,RMSE,MAPE_percentage
28.3235914,4.564089132,5.3219913,2.451076384
