MSE,MAE,RMSE,MAPE_percentage
38.85967063137697,5.202402911757141,6.233752532093087,2.807900300648933
