MSE,MAE,RMSE,MAPE_percentage
241.61045606234183,13.674012598803841,15.543823727202449,7.176209759112928
