MSE,MAE,RMSE,MAPE_percentage
89.61760809,8.56620911,9.466657704,4.63%
