MSE,MAE,RMSE,MAPE_percentage
28.17251139,4.576488756,5.307778386,2.456631709
